1|../../../Resources/Images/smestaj21.jpg|2|Accommodation
2|../../../Resources/Images/smestaj24.jpg|2|Accommodation
3|../../../Resources/Images/smestaj12.jpg|2|Accommodation
4|../../../Resources/Images/smestaj11.jpg|1|Accommodation
5|../../../Resources/Images/vehicle2.jpg|2|Vehicle
6|../../../Resources/Images/vehicle4.jpg|3|Vehicle
7|../../../Resources/Images/vehicle3.jpeg|4|Vehicle
9|../../../Resources/Images/AccommodationImages/smestaj2.jpg|1|Accommodation
10|../../../Resources/Images/AccommodationImages/smestaj24.jpg|1|Accommodation
11|../../../Resources/Images/AccommodationImages/smestaj13.jpg|1|Accommodation
12|../../../Resources/Images/AccommodationImages/smestaj24.jpg|12|Accommodation
13|../../../Resources/Images/AccommodationImages/smestaj22.jpg|13|Accommodation
14|../../../Resources/Images/AccommodationImages/smestaj23.jpg|13|Accommodation
15|../../../Resources/Images/beogradcentar.jpg|1|Tour
16|../../../Resources/Images/kalemegdan.jpg|1|Tour
17|../../../Resources/Images/novisadcentar.jpeg|2|Tour
18|../../../Resources/Images/petrovaradin.jpg|2|Tour
19|../../../Resources/Images/suboticacentar.jpg|3|Tour
20|../../../Resources/Images/suboticacentar.jpg|4|Tour
21|../../../Resources/Images/vehicle1.jpg|5|Vehicle
